friends	1	0.012345679012345678
doggone	1	0.012658227848101266
spiderbomb	1	0.013888888888888888
isras	1	0.014492753623188406
disillusion	1	0.015625
chickens	1	0.015625
moles	1	0.015625
turtle	1	0.01639344262295082
termination	1	0.01639344262295082
hugs	1	0.016666666666666666
rainbows	1	0.01694915254237288
below	1	0.01694915254237288
oviraptor	1	0.01694915254237288
carmageddon	1	0.017241379310344827
bloks	1	0.017543859649122806
doodledoo	1	0.017857142857142856
gnomes	1	0.017857142857142856
gun	1	0.01818181818181818
zero	1	0.01818181818181818
titan	1	0.018867924528301886
tighten	1	0.018867924528301886
insert	1	0.018867924528301886
purge	1	0.019230769230769232
coincide	1	0.020833333333333332
igor	1	0.022222222222222223
eidetic	1	0.022727272727272728
sushido	1	0.023255813953488372
kaboom	1	0.024390243902439025
pagefault	1	0.024390243902439025
guillotine	1	0.02531645569620253
emmy	1	0.025974025974025976
sal	1	0.025974025974025976
temporal	1	0.02702702702702703
penitentiary	1	0.02702702702702703
screens	1	0.02702702702702703
id	1	0.02702702702702703
move	1	0.02702702702702703
such	1	0.027777777777777776
inheritance	1	0.027777777777777776
much	1	0.027777777777777776
bloom	1	0.028985507246376812
morph	1	0.03125
frootinis	1	0.03225806451612903
couldnt	1	0.03278688524590164
wagon	1	0.03333333333333333
mothersea	1	0.03333333333333333
masterhackerpro	1	0.03333333333333333
eternal	1	0.03389830508474576
chamber	1	0.03389830508474576
charging	1	0.03389830508474576
phone	1	0.03389830508474576
2015	1	0.03389830508474576
sophias	1	0.034482758620689655
spirits	1	0.034482758620689655
statues	1	0.03571428571428571
hannah	1	0.03571428571428571
chk	2	0.037037037037037035
bang	1	0.037037037037037035
mortal	1	0.037037037037037035
metanoia	1	0.037037037037037035
otherside	1	0.037037037037037035
dartmoor	1	0.03773584905660377
finch	1	0.03773584905660377
kidnap	1	0.03773584905660377
because	1	0.03773584905660377
circle17	1	0.0379746835443038
shred	1	0.038461538461538464
liquid	1	0.038461538461538464
bacon	1	0.038461538461538464
fm	1	0.038461538461538464
boom	2	0.03851851851851852
forty	1	0.03896103896103896
brother	1	0.03896103896103896
shadows	2	0.03937270603937271
mooses	1	0.043478260869565216
sleepshooter	1	0.043478260869565216
subside	1	0.044444444444444446
therapy	1	0.045454545454545456
raiden	1	0.046511627906976744
hakusan	1	0.046511627906976744
selfsacrifice	1	0.046511627906976744
inconvenient	1	0.046875
dual	1	0.046875
personality	1	0.046875
was	1	0.04878048780487805
slugmen	1	0.04878048780487805
rebellion	1	0.04878048780487805
gr1d_0	1	0.04878048780487805
remnants	1	0.04918032786885246
letterboxes	1	0.04938271604938271
adamii	1	0.05
boxbuddy	1	0.05
near	1	0.05063291139240506
experience	1	0.05063291139240506
8bit	1	0.05084745762711865
vomit	1	0.05084745762711865
tribe	1	0.05084745762711865
polygravity	1	0.05172413793103448
wastoid	1	0.05194805194805195
rodney	1	0.05194805194805195
keytar	1	0.05194805194805195
auditurgatory	1	0.05357142857142857
chronobreak	1	0.05405405405405406
veiled	1	0.05405405405405406
blade	1	0.05405405405405406
better	1	0.05405405405405406
trebuchet	1	0.05405405405405406
kitty	1	0.05454545454545454
ashen	1	0.05660377358490566
killed	1	0.057692307692307696
tibbles	1	0.057692307692307696
rollolol	1	0.06172839506172839
antideath	1	0.06172839506172839
citified	1	0.0625
false	1	0.0625
double	1	0.0625
soundproof	1	0.0625
chemical	1	0.06329113924050633
eruptions	1	0.06329113924050633
bunny	1	0.06329113924050633
consternations	1	0.06329113924050633
lyssandra	1	0.06329113924050633
amplegores	1	0.06329113924050633
hopper	1	0.06451612903225806
toucan	1	0.06451612903225806
plague	1	0.06493506493506493
brolly	1	0.06557377049180328
doomshark	1	0.06666666666666667
mos	1	0.06666666666666667
shack	1	0.06666666666666667
faults	1	0.06666666666666667
our	1	0.06666666666666667
gods	1	0.06779661016949153
zoo	1	0.06896551724137931
telepathway	1	0.06896551724137931
shounen	1	0.06976744186046512
disperspective	1	0.07017543859649122
saucers	1	0.07142857142857142
willo	1	0.07246376811594203
ice	1	0.07272727272727272
powerout	1	0.07317073170731707
diagnosis	1	0.07407407407407407
hexagon	1	0.07407407407407407
taco	1	0.07547169811320754
mysterious	1	0.07692307692307693
lock	1	0.07692307692307693
77	1	0.07692307692307693
festival	1	0.07792207792207792
knockdown	1	0.078125
hell	4	0.07997886223692675
steak	1	0.08
dantes	1	0.08108108108108109
inferloop	1	0.08108108108108109
diverge	1	0.08108108108108109
rocketeer	1	0.08108108108108109
alps	1	0.08108108108108109
dynapogo	1	0.08196721311475409
apex	1	0.08333333333333333
hit	1	0.08333333333333333
uprising	1	0.08333333333333333
nom	2	0.08333333333333333
chameleon	1	0.08333333333333333
distant	1	0.0847457627118644
101	1	0.08620689655172414
department	1	0.08641975308641975
drone	1	0.08641975308641975
flippin	1	0.08695652173913043
tripod	1	0.08695652173913043
towers	1	0.08771929824561403
vital	1	0.08860759493670886
spark	1	0.08860759493670886
casino	1	0.08888888888888889
enliven	1	0.08928571428571429
synclox	1	0.08928571428571429
do	1	0.09090909090909091
echolotrate	1	0.09090909090909091
badass	1	0.09302325581395349
existence	1	0.09375
d1g1tl_dr0p	1	0.09433962264150944
hoard	1	0.09433962264150944
room	1	0.09615384615384616
dung	1	0.0967741935483871
beetle	1	0.0967741935483871
1999	1	0.09722222222222222
vacation	1	0.0975609756097561
toggld	1	0.0975609756097561
200	1	0.09836065573770492
seconds	1	0.09836065573770492
versus	1	0.09876543209876543
lone	1	0.1
howler	1	0.1
monkey	1	0.1
bio	1	0.10126582278481013
ursula	1	0.10126582278481013
origami	1	0.10144927536231885
hi	1	0.1016949152542373
ro	1	0.1016949152542373
hitmanv2	1	0.1016949152542373
remember	2	0.10227272727272727
ghostris	1	0.10344827586206896
guilds	1	0.1038961038961039
glamorous	1	0.1038961038961039
guest	1	0.1038961038961039
list	1	0.1038961038961039
tie	1	0.10526315789473684
boppy	1	0.10714285714285714
zippy	1	0.10714285714285714
caves	1	0.10810810810810811
lasers	1	0.10810810810810811
ant	1	0.10810810810810811
kirov	1	0.10909090909090909
hurt	1	0.109375
nostradamus	1	0.109375
psycho	1	0.1111111111111111
powers	1	0.1111111111111111
dewey	1	0.1111111111111111
grogg	1	0.1111111111111111
siem	1	0.1111111111111111
captains	1	0.1111111111111111
shelter	1	0.1111111111111111
inkletint	1	0.1111111111111111
inconvenience	1	0.1111111111111111
gem	1	0.11320754716981132
stack	1	0.11320754716981132
yarr	1	0.11320754716981132
gee	1	0.11320754716981132
dummy	1	0.11363636363636363
music	1	0.11392405063291139
bonanza	1	0.11538461538461539
phage	1	0.11538461538461539
aaaah	1	0.11594202898550725
perilous	1	0.11627906976744186
pilgrimage	1	0.11627906976744186
rails	1	0.11666666666666667
falloff	1	0.11666666666666667
brawl	1	0.11666666666666667
x	1	0.11688311688311688
stone	2	0.11864406779661017
peashooters	1	0.11864406779661017
divided	2	0.11933876811594203
food	1	0.12
gotta	1	0.1206896551724138
slavelings	1	0.12195121951219512
timer	1	0.12195121951219512
poker	1	0.12280701754385964
equation	1	0.12345679012345678
underfall	1	0.125
boximus	1	0.125
dawn	1	0.125
nightmares	1	0.125
spectrum	1	0.125
floating	1	0.125
isles	1	0.125
flabby	1	0.125
blubberin	1	0.125
football	1	0.125
bungee	1	0.125
blood	2	0.1259493670886076
roomba	1	0.12658227848101267
propaganda	1	0.12727272727272726
wham	1	0.12987012987012986
bam	1	0.12987012987012986
dan	1	0.12987012987012986
slam	1	0.12987012987012986
problems	1	0.13043478260869565
reality	1	0.13043478260869565
thee	1	0.13043478260869565
able	1	0.13043478260869565
dub	2	0.1307911617961511
beatdown	1	0.13114754098360656
freestyle	1	0.13114754098360656
everythings	3	0.13150824435546657
brainless	1	0.1320754716981132
overlord	1	0.1320754716981132
universe	1	0.1320754716981132
randy	1	0.1320754716981132
swamp	1	0.1320754716981132
wheel	1	0.13333333333333333
lanes	1	0.13333333333333333
winning	1	0.13333333333333333
flipping	1	0.13513513513513514
convoy	1	0.13513513513513514
empire	1	0.13513513513513514
outlander	1	0.13559322033898305
seeing	1	0.13559322033898305
blue	1	0.13559322033898305
sriggy	1	0.13559322033898305
moggful	1	0.13559322033898305
trek	1	0.13559322033898305
jumpship	1	0.13580246913580246
cyrus	1	0.13580246913580246
psychomatica	1	0.13636363636363635
optima	1	0.13636363636363635
anticolorist	1	0.13793103448275862
chiaroscuro	1	0.13793103448275862
destitute	2	0.13866843033509701
vision	1	0.13924050632911392
pill	1	0.13924050632911392
charlies	1	0.13953488372093023
spiritual	1	0.13953488372093023
unwelcome	1	0.13953488372093023
passenger	1	0.13953488372093023
carnage	2	0.13964784456587737
bridges	1	0.14035087719298245
virtualtrial	1	0.140625
scared	2	0.1419753086419753
roguelife	1	0.14285714285714285
hills	1	0.14285714285714285
candles	1	0.14285714285714285
feelings	1	0.14285714285714285
around	1	0.14634146341463414
clock	1	0.14634146341463414
motti	1	0.14634146341463414
fuzzmonster	1	0.14814814814814814
real	1	0.14814814814814814
debtman	1	0.14814814814814814
locomotive	1	0.15
project91	1	0.15
sabre	1	0.1509433962264151
lost	3	0.15095054728480037
mammoth	1	0.15254237288135594
revolution	1	0.15254237288135594
galleon	1	0.1527777777777778
billys	1	0.15384615384615385
shibboleth	1	0.15384615384615385
rebirth	1	0.15517241379310345
falling	1	0.15625
milk	1	0.15625
9999	1	0.15625
plodolps	1	0.15789473684210525
parting	1	0.1590909090909091
traversia	1	0.15942028985507245
serenata	1	0.15942028985507245
feed	2	0.1597222222222222
tkemsa	1	0.16
know	3	0.1600145137880987
store	2	0.16020671834625322
pangaea	1	0.16071428571428573
cantilever	1	0.16071428571428573
circuitboard	1	0.16071428571428573
prosthetics	1	0.16129032258064516
wingman	1	0.16216216216216217
paradox	1	0.16216216216216217
reflectonauts	1	0.16216216216216217
risk	1	0.16216216216216217
cards	2	0.16262626262626262
rusken	1	0.16279069767441862
very	1	0.16363636363636364
normal	1	0.16363636363636364
antarctic	1	0.16363636363636364
explodes	1	0.16393442622950818
there	2	0.16439024390243903
bowls	1	0.16666666666666666
garbage	1	0.16666666666666666
princess	6	0.1683139042415772
start	2	0.16875
greymoor	1	0.16883116883116883
fault	1	0.1694915254237288
fleating	1	0.16981132075471697
braxion	1	0.16981132075471697
water	3	0.171875
fix	1	0.171875
redhood	1	0.171875
revelation	1	0.171875
hellscape	1	0.171875
abide	1	0.1724137931034483
23	1	0.1724137931034483
heroes	2	0.17424242424242425
minion	1	0.17543859649122806
case	2	0.1759921925829538
whirr	1	0.17721518987341772
snakes	1	0.17777777777777778
plain	1	0.17777777777777778
system	2	0.17942670537010158
cities	1	0.18032786885245902
aarrh	1	0.18055555555555555
snook	1	0.18055555555555555
fallen	1	0.18181818181818182
sunshine	1	0.18333333333333332
attractrepel	1	0.18333333333333332
moonlight	2	0.1840277777777778
pixhroom	1	0.18518518518518517
unconventional	1	0.18604651162790697
flat	1	0.18604651162790697
papantzin	1	0.1864406779661017
dinoman	1	0.1864406779661017
player	1	0.1875
white	4	0.18784256499420432
ataraxia	1	0.18840579710144928
malicious	1	0.18867924528301888
intent	1	0.18867924528301888
chronomatic	1	0.1891891891891892
aberration	1	0.1891891891891892
sumoball	1	0.1891891891891892
britskrieg	1	0.1891891891891892
fox	2	0.1894927536231884
vehicle	1	0.1896551724137931
principia	1	0.1896551724137931
mathematica	1	0.1896551724137931
strange	1	0.189873417721519
colorful	1	0.189873417721519
microscope	1	0.189873417721519
vikings	2	0.19090909090909092
beautiful	2	0.1912568306010929
impulse	1	0.19230769230769232
fazil	1	0.19230769230769232
defence	2	0.19298245614035087
calgos	1	0.19298245614035087
awarémon	1	0.1935483870967742
final	4	0.1939299976509279
jenka	1	0.19480519480519481
knightcycle	1	0.1951219512195122
elephants	1	0.1951219512195122
play	1	0.1951219512195122
bound	1	0.19642857142857142
chronicle	1	0.19642857142857142
timeflow	1	0.19642857142857142
weatherman	1	0.19672131147540983
prisnhax	1	0.19753086419753085
exploit	1	0.19753086419753085
within	2	0.19753086419753085
hackman	1	0.19753086419753085
dash	2	0.19940476190476192
fan	1	0.2
grazer	1	0.2
has	1	0.2
atomiconverge	1	0.2
chemodynamics	1	0.2
megadome	1	0.2
shattered	2	0.2026426826560071
leaf	1	0.2028985507246377
sendling	1	0.203125
antartic	1	0.2033898305084746
everybodys	1	0.2033898305084746
raptor	1	0.2033898305084746
here	2	0.20434921650143908
amnesia	1	0.20454545454545456
lands	2	0.2048521389606661
wizard	2	0.20643939393939395
spectre	1	0.20689655172413793
2023	1	0.20689655172413793
tiles	1	0.20754716981132076
reim	1	0.20754716981132076
matchmaker	1	0.2077922077922078
another	3	0.20799266247379455
kraken	1	0.20833333333333334
terrorist	1	0.20833333333333334
girl	1	0.20930232558139536
cups	1	0.20930232558139536
trip	1	0.20930232558139536
grocery	1	0.20930232558139536
troubles	1	0.20987654320987653
postmortal	1	0.20987654320987653
times	3	0.21120178558973288
key	2	0.21153846153846154
arbitrary	1	0.21153846153846154
beyond	1	0.21428571428571427
limbo	1	0.21428571428571427
virusect	1	0.21518987341772153
mansion	2	0.21604938271604937
fractured	1	0.21621621621621623
obverse	1	0.21621621621621623
less	1	0.21621621621621623
than	1	0.21621621621621623
chroma	1	0.21621621621621623
crown	1	0.21621621621621623
serpent	1	0.21666666666666667
starlight	1	0.21666666666666667
stand	3	0.2167042404723564
butter	1	0.21739130434782608
panquest	1	0.21739130434782608
sneak	1	0.21739130434782608
bomber	1	0.21739130434782608
pac	1	0.21739130434782608
woman	1	0.21739130434782608
pigout	1	0.21739130434782608
bytestack	1	0.21818181818181817
tomb	1	0.21951219512195122
grid	1	0.21951219512195122
pause	1	0.21951219512195122
demolition	1	0.22033898305084745
grandpa	1	0.22033898305084745
dinosaurs	1	0.22033898305084745
trenchcoat	1	0.22077922077922077
quaintbrush	1	0.2222222222222222
idle	1	0.2222222222222222
hands	1	0.2222222222222222
afterstory	1	0.2222222222222222
eyes	1	0.2222222222222222
hooklab	1	0.2222222222222222
foot	1	0.22641509433962265
alois	1	0.22727272727272727
aegis	2	0.2278441231929604
duality	3	0.22874436936936937
ploompert	1	0.22916666666666666
runaway	1	0.22950819672131148
carriage	1	0.22950819672131148
stream	2	0.22979552093476147
axiom	1	0.23076923076923078
gambrawl	1	0.23076923076923078
talk	1	0.23076923076923078
miniature	1	0.2318840579710145
golf	1	0.2318840579710145
rainbow	1	0.23214285714285715
toof	1	0.23214285714285715
tentacles	1	0.23214285714285715
zeninja	1	0.23255813953488372
seven	1	0.23255813953488372
sands	1	0.23255813953488372
7r41n	1	0.23333333333333334
interceptor	1	0.23333333333333334
roborazzi	1	0.23376623376623376
subterranea	1	0.234375
insomniaan	1	0.234375
interactive	1	0.234375
foxfire	1	0.2345679012345679
puzzles	1	0.2361111111111111
table	1	0.23636363636363636
hat	1	0.23728813559322035
born	1	0.23728813559322035
must	4	0.23740031897926636
van	1	0.24
helsings	1	0.24
missed	1	0.24
stake	1	0.24
boo	2	0.24031502767134952
infestation	1	0.24050632911392406
light	3	0.2407150740484074
autumn	1	0.2413793103448276
adrenaline	1	0.2413793103448276
chronosseum	1	0.24324324324324326
upgo	1	0.24324324324324326
bow	1	0.24324324324324326
before	1	0.24324324324324326
6500	1	0.24390243902439024
ft	1	0.24390243902439024
were	1	0.24528301886792453
young	1	0.24528301886792453
quack	1	0.24528301886792453
modern	2	0.2460430194805195
sleepy	1	0.2463768115942029
maneuver	1	0.2463768115942029
fields	1	0.2463768115942029
illusia	1	0.2463768115942029
horde	1	0.24675324675324675
break	2	0.2492337164750958
sakanajo	1	0.25
spybot	1	0.25
mario	1	0.25
norris	1	0.25
kart	1	0.25
utwpvg	1	0.25
forced	1	0.25
well	1	0.25
cut	1	0.25
lass	1	0.25
bedroom	1	0.25
spacial	1	0.25
squinty	1	0.25
pasty	1	0.25
weapon	2	0.25063291139240507
fell	2	0.25072393822393824
experiment	1	0.25316455696202533
mind	3	0.25327664593201316
slippery	1	0.2542372881355932
slope	1	0.2542372881355932
icebot	1	0.2545454545454545
trials	2	0.25558892225558894
im	3	0.2557116503476657
japan	1	0.2558139534883721
journevazure	1	0.2558139534883721
sticky	3	0.2567158353321875
ever	2	0.25739020270270274
hårs	1	0.25806451612903225
code	4	0.2585405158311312
lawbreaker	1	0.25862068965517243
greetings	1	0.25862068965517243
liverpool	1	0.25862068965517243
evergreen	1	0.25862068965517243
think	1	0.25862068965517243
season	2	0.25893997445721584
flipswitch	1	0.25925925925925924
squares	1	0.25925925925925924
sin	1	0.25925925925925924
abbey	1	0.25925925925925924
elliot	1	0.25925925925925924
harvest	1	0.25925925925925924
defenders	1	0.2597402597402597
conquerors	2	0.2599311440677966
path	2	0.2620475238729736
quakehouse	1	0.26229508196721313
micromanagement	1	0.2631578947368421
cell	3	0.2632062146892655
xandu	1	0.2641509433962264
kandy	1	0.2641509433962264
gammon	1	0.2641509433962264
killer	3	0.26581162406832143
critter	1	0.26582278481012656
creator	1	0.26582278481012656
forks	1	0.26666666666666666
wish	1	0.26666666666666666
mech	1	0.26666666666666666
2039	1	0.26666666666666666
rhinoceros	1	0.26666666666666666
talkshow	1	0.26785714285714285
clocktower	1	0.26785714285714285
dans	1	0.2682926829268293
narcissistic	1	0.2682926829268293
land	1	0.2682926829268293
blabbit	1	0.2682926829268293
headlights	1	0.2682926829268293
driftwar	1	0.2692307692307692
duality2	1	0.2692307692307692
schrödinger	1	0.2692307692307692
gaming	2	0.2696659482758621
snekoes	1	0.2702702702702703
updownduckaround	1	0.2702702702702703
walker	1	0.2702702702702703
zorex	1	0.2708333333333333
peace	2	0.27106816961889424
rest	2	0.27106816961889424
fod	1	0.2711864406779661
symphony	1	0.2711864406779661
egg	1	0.2716049382716049
grim	1	0.2716049382716049
reapers	1	0.2716049382716049
job	1	0.2716049382716049
darklords	1	0.2727272727272727
memoir	1	0.2727272727272727
mist	1	0.2727272727272727
paranormal	1	0.27586206896551724
chuck	1	0.27848101265822783
antibody	1	0.27848101265822783
annihilation	1	0.27848101265822783
robots	1	0.27848101265822783
hammerdead	1	0.27848101265822783
poodle	1	0.27848101265822783
profanity	1	0.27848101265822783
ragabalance	1	0.27848101265822783
rat	1	0.27848101265822783
meowgick	1	0.27848101265822783
spare	1	0.27848101265822783
parts	1	0.27848101265822783
text	1	0.27848101265822783
tehbestestgaemevar	1	0.27848101265822783
facade	6	0.2786458333333333
aqua	1	0.2786885245901639
ascent	1	0.2786885245901639
ninjapants	1	0.27906976744186046
going	1	0.28
box	2	0.2800699300699301
die	7	0.28028285919998147
atomism	1	0.2807017543859649
zeroes	1	0.2807017543859649
us	1	0.28125
men	1	0.28125
senseless	1	0.28125
brief	1	0.2830188679245283
simulator	9	0.283031811892979
reverse	2	0.2831081081081081
terestria	1	0.2833333333333333
standing	2	0.28532494758909854
sanctum	1	0.2857142857142857
toro	1	0.2857142857142857
golden	1	0.2857142857142857
skyscraper	1	0.288135593220339
cavemen	2	0.288135593220339
wall	1	0.28846153846153844
riddle	1	0.28888888888888886
figurative	1	0.2898550724637681
grow	2	0.2901234567901234
flufferpuff	1	0.2903225806451613
tactical	1	0.2909090909090909
queen	3	0.29147069147069143
musketeers	1	0.2916666666666667
jolly	1	0.2916666666666667
roger	1	0.2916666666666667
solo	1	0.2916666666666667
booty	3	0.2917259364627786
fort	2	0.29210526315789476
nocturnis	1	0.2926829268292683
gressus	1	0.2926829268292683
tricky	1	0.2926829268292683
farming	1	0.2926829268292683
crimson	3	0.29393939393939394
determined	1	0.29508196721311475
fading	1	0.29545454545454547
fast	1	0.29545454545454547
dying	2	0.2955107811947685
four	3	0.2959805875853056
emeralds	1	0.2962962962962963
ye	3	0.2962962962962963
dearelict	1	0.2962962962962963
summer	1	0.2962962962962963
twice	1	0.296875
trapped	1	0.2972972972972973
reverie	1	0.2972972972972973
ranchers	1	0.2972972972972973
mountain	1	0.2987012987012987
crush	1	0.3
portal	1	0.3
hill	2	0.30043086564825694
video	2	0.3012646793134598
hooktik	1	0.3018867924528302
beat	3	0.3020523005627276
hashiru	1	0.3023255813953488
taxi	1	0.3023255813953488
house	4	0.3024478501489996
again	1	0.30357142857142855
clicheroes	1	0.30357142857142855
organgrinder	1	0.30434782608695654
heads	2	0.3047297297297297
rovitation	1	0.3050847457627119
anki	1	0.3050847457627119
sumer	1	0.3050847457627119
recoil	1	0.3076923076923077
adaptation	1	0.3076923076923077
jimmy	1	0.30864197530864196
kapitalist	1	0.3090909090909091
ghosts	1	0.3103448275862069
robber	1	0.3111111111111111
breaking	2	0.31138392857142855
picnic	1	0.3114754098360656
behind	1	0.3125
sonata	1	0.3125
alfred	1	0.3125
mountains	2	0.31523765144454796
frankenfirearm	1	0.3157894736842105
teh	3	0.3162341685617664
incursion	1	0.31666666666666665
metal	1	0.3170731707317073
slug	1	0.3170731707317073
literally	1	0.3170731707317073
jasmine	1	0.3170731707317073
laslo	1	0.3170731707317073
u	1	0.3170731707317073
rats	2	0.317277659049811
lane	1	0.3181818181818182
go	5	0.3199202551834131
chase	2	0.3199833990454451
magics	1	0.32
drunk	5	0.32065527065527066
expendable	1	0.32075471698113206
blocks	1	0.32075471698113206
glob	1	0.32098765432098764
aftermath	1	0.32098765432098764
sinch	1	0.32142857142857145
os	1	0.32142857142857145
ranger	1	0.3220338983050847
six	1	0.3225806451612903
dungeon	11	0.32276972265764525
wrath	1	0.32432432432432434
twowt	1	0.32432432432432434
smooth	1	0.32432432432432434
robotics	1	0.32432432432432434
snake	1	0.3246753246753247
big	8	0.32519358000490073
rebus	1	0.32558139534883723
until	1	0.32558139534883723
falls	1	0.32558139534883723
bullet	3	0.32655836429421337
pancakes	4	0.32689210950080516
trivium	1	0.3269230769230769
warm	1	0.32727272727272727
pizza	1	0.32727272727272727
captain	3	0.3273809523809524
tangible	1	0.328125
makaijima	1	0.328125
action	2	0.3292085273217349
john	2	0.3327020202020202
feet	2	0.33316532258064513
livid	1	0.3333333333333333
dodgeball	1	0.3333333333333333
reevo	1	0.3333333333333333
thief	1	0.3333333333333333
crafty	1	0.3333333333333333
glorified	1	0.3333333333333333
locommotion	1	0.3333333333333333
danmakuconomy	1	0.3333333333333333
plant	1	0.3333333333333333
doctor	2	0.33428030303030304
extreme	2	0.33488372093023255
infinity	2	0.33500942803268385
its	2	0.3359375
mission	2	0.3367319915254237
end	4	0.3367629510197761
surprise	1	0.33766233766233766
2016	2	0.33790650406504064
three	4	0.3385281385281385
jeffery	1	0.3389830508474576
jurassic	1	0.3389830508474576
battle	7	0.33921043740608914
he	1	0.3392857142857143
possible	1	0.3392857142857143
agonized	1	0.3392857142857143
lanks	1	0.3392857142857143
king	4	0.3394900706221461
race	2	0.3395061728395061
robot	7	0.33960741527321764
nicolas	1	0.33962264150943394
unlucky	1	0.33962264150943394
elephant	1	0.33962264150943394
kvn	1	0.33962264150943394
legend	4	0.339836860670194
daze	1	0.34146341463414637
game_end	1	0.34146341463414637
miss	2	0.34172413793103446
voyage	8	0.34175475687103596
fountainface	1	0.34375
clay	1	0.34375
kaities	1	0.34375
netherlands	1	0.34375
grave	2	0.34397616006811405
stay	1	0.3442622950819672
dice	1	0.3448275862068966
snotty	1	0.34545454545454546
turn	1	0.345679012345679
bounds	1	0.345679012345679
endersome	1	0.345679012345679
weird	1	0.34615384615384615
eel	1	0.34615384615384615
contest	1	0.34615384615384615
tower	6	0.34695376299492314
dutchman	1	0.3472222222222222
rabbit	1	0.3488372093023256
ssjgv3k	1	0.3488372093023256
rules	7	0.3492063492063492
nukes	1	0.35
bouncer	2	0.35
coin	4	0.3504570143914406
colony	1	0.3508771929824561
bus	1	0.35135135135135137
parallel	1	0.35135135135135137
medal	1	0.35135135135135137
farmsim	1	0.35135135135135137
planets	1	0.35135135135135137
clash	2	0.3523882896764252
wings	2	0.3544685990338164
then	2	0.3548280423280423
detritus	1	0.3548387096774194
trichotomy	1	0.35555555555555557
invaders	1	0.3559322033898305
ink	1	0.3559322033898305
cipher	1	0.3559322033898305
cyan	2	0.35666912306558585
synch	1	0.35714285714285715
paracide	1	0.35802469135802467
gear	1	0.3584905660377358
upwards	1	0.36065573770491804
onwards	1	0.36065573770491804
piratic	1	0.3611111111111111
skies	1	0.3611111111111111
moekira	1	0.3611111111111111
massacre	1	0.3611111111111111
spiswslar	1	0.3611111111111111
prehistoric	3	0.3615819209039548
numberi	1	0.3620689655172414
xtreme	1	0.36363636363636365
coalition	1	0.36363636363636365
listen	1	0.36538461538461536
lab	6	0.3656027207915031
rough	1	0.36585365853658536
tides	1	0.36585365853658536
albimore	1	0.36585365853658536
purple	3	0.3659028397264347
livewire	2	0.3660714285714286
out	5	0.36631929967803945
cold	5	0.3665454545454545
cardvergence	1	0.36666666666666664
dicy	1	0.36666666666666664
colour	3	0.36719576719576724
title	2	0.36792452830188677
saga	2	0.3680555555555556
bob	2	0.3687487030504254
tiny	4	0.3689450063270818
flying	3	0.3703194953194953
came	1	0.37037037037037035
eid	1	0.37037037037037035
inc	2	0.3707292197858235
sore	1	0.37209302325581395
o	1	0.37209302325581395
kopi	1	0.37209302325581395
echo	2	0.3725738396624473
ego	1	0.3728813559322034
hoc	1	0.3728813559322034
v	1	0.3728813559322034
horarum	1	0.3728813559322034
mars	1	0.3728813559322034
will	6	0.3730653682009814
asperous	1	0.375
flux	1	0.375
gemini	1	0.375
suspiscious	1	0.375
wonders	1	0.375
salad	1	0.37662337662337664
surfer	1	0.37662337662337664
gone	5	0.37673216948622806
rlyeh	1	0.3770491803278688
bigg	1	0.37735849056603776
miserable	1	0.37735849056603776
petronella	1	0.37735849056603776
brake	1	0.37777777777777777
benjamin	1	0.3783783783783784
r	1	0.3783783783783784
bonheur	1	0.3783783783783784
mere	1	0.3783783783783784
moments	1	0.3783783783783784
ago	1	0.3783783783783784
side	2	0.3783783783783784
bees	1	0.3783783783783784
spirit	2	0.3783783783783784
mana	1	0.3783783783783784
we	2	0.378739070409572
mindblow	1	0.3793103448275862
claws	1	0.3793103448275862
thermodynamics	1	0.3793103448275862
ghosting	1	0.3793103448275862
stick	3	0.37943739255931713
jeff	2	0.37962962962962965
hold	2	0.37971014492753624
void	3	0.3800640918696474
geometry	2	0.3808229813664596
power	4	0.3814383839065717
spring	1	0.38181818181818183
rebounds	1	0.38181818181818183
project	3	0.3824292452830189
edition	2	0.3826469412235106
winchester	1	0.38271604938271603
through	1	0.38333333333333336
cmyk	1	0.38333333333333336
date	3	0.384244420702754
retreadz	1	0.38461538461538464
whats	1	0.38461538461538464
doggo	1	0.38461538461538464
penguin	2	0.3847402597402597
animal	3	0.38572162300975865
cobus	1	0.38596491228070173
night	10	0.38610713469447605
31	2	0.38657407407407407
master	3	0.38664898320070734
hunger	1	0.3870967741935484
crash	2	0.38765182186234814
gangs	1	0.38961038961038963
homelands	1	0.3898305084745763
platform13	1	0.3898305084745763
polaris	1	0.3898305084745763
dinosplore	1	0.3898305084745763
meat	1	0.3902439024390244
rebot	1	0.3902439024390244
julius	1	0.390625
dragonslayer	1	0.390625
cellz	1	0.390625
viruses	1	0.390625
splitbalance	1	0.390625
pannenkoekenhuis	1	0.391304347826087
crisis	1	0.391304347826087
fly	1	0.391304347826087
sky	3	0.39200005940182364
warp	3	0.3926101958888844
rogue	1	0.39285714285714285
chaos	3	0.39432367149758446
noalles	1	0.3950617283950617
ark	1	0.3950617283950617
pirate	13	0.39529914529914534
tokyo	1	0.3953488372093023
who	2	0.3955128205128205
commander	1	0.3958333333333333
invader	1	0.3958333333333333
zone	2	0.3959724752074478
panda	2	0.39622641509433965
like	1	0.39622641509433965
disaster	5	0.39672131147540984
blob	3	0.3967651195499296
me	7	0.3967758388486886
scary	2	0.39781328847771236
converging	2	0.39999999999999997
darwins	1	0.4
basement	1	0.4
warning	1	0.4
brushpaper	1	0.4
pinn	1	0.4
robozoic	1	0.4
lonely	3	0.40018634987188445
fortress	2	0.4013506355932204
homebound	2	0.4025198938992043
beats	1	0.4025974025974026
confidence	1	0.40350877192982454
builder	1	0.40350877192982454
vaqueros	1	0.40350877192982454
del	1	0.40350877192982454
oeste	1	0.40350877192982454
gravity	1	0.40384615384615385
teotl	1	0.40540540540540543
pancratio	1	0.40540540540540543
olympus	1	0.40540540540540543
day	7	0.4054510246207152
ode	1	0.4057971014492754
dreaming	1	0.4057971014492754
alignment	1	0.40625
infection	2	0.4066823667942302
addict	1	0.4074074074074074
haunted	1	0.4074074074074074
deaths	1	0.4074074074074074
salesman	1	0.4074074074074074
nobles	1	0.4074074074074074
rocket	2	0.40867794486215536
after	4	0.408866606762819
when	4	0.40900724770714647
tart	1	0.4090909090909091
collector	1	0.4098360655737705
town	4	0.41063738156761415
imposter	1	0.4107142857142857
point	3	0.41111111111111115
deluxe	2	0.4111647879763822
dont	9	0.41158563169229645
fire	5	0.4135595429798328
gluttony	1	0.41379310344827586
one	8	0.4138420454141807
aztec	1	0.4146341463414634
sacrificial	1	0.4146341463414634
jokeoff	1	0.4146341463414634
breaklink	1	0.4146341463414634
survive	2	0.41503411842394894
barrage	1	0.41509433962264153
ruruna	1	0.41509433962264153
huddle	1	0.4155844155844156
judge	2	0.4162176724137931
tub	1	0.4166666666666667
priest	1	0.4166666666666667
forest	4	0.4173569506784047
monsters	6	0.417798353909465
with	13	0.417853591555979
soldier	1	0.41818181818181815
chz	1	0.4186046511627907
heroic	2	0.41917194092827004
your	7	0.41922008916560977
toque	1	0.41935483870967744
twisted	2	0.4197443181818182
forces	1	0.41975308641975306
balance	1	0.42028985507246375
curiosity	1	0.42028985507246375
mobile	1	0.42028985507246375
soul	5	0.42147389806191987
alien	2	0.4215059738816338
fake	2	0.421875
stepsy	1	0.421875
these	2	0.4220524872698786
bleed	1	0.4222222222222222
too	1	0.4222222222222222
royal	1	0.4230769230769231
rumble	1	0.4230769230769231
tsunderesim	1	0.4230769230769231
3000	2	0.42356902356902354
survivor	2	0.42358803986710963
oldworld	1	0.423728813559322
babes	1	0.423728813559322
bordel	1	0.423728813559322
n	2	0.4250248262164846
swarm	3	0.425601228468612
mutiny	2	0.42611434108527135
desperate	1	0.4262295081967213
rampage	2	0.42742681047765796
epic	4	0.4278303159650672
christmas	1	0.42857142857142855
uncle	1	0.42857142857142855
tom	1	0.42857142857142855
candle	2	0.4285714285714286
quest	11	0.4297868529276672
flight	3	0.4303401571546733
legacy	1	0.4305555555555556
pirobots	1	0.4305555555555556
clone	2	0.4308862433862434
bot	2	0.4316933365177932
snatchers	1	0.43209876543209874
phantomatics	1	0.43209876543209874
so	2	0.4323089700996678
afroditus	1	0.43243243243243246
victory	1	0.43243243243243246
fusionman	1	0.43333333333333335
criminal	1	0.43333333333333335
citadel	1	0.43333333333333335
stormer	1	0.43333333333333335
david	1	0.4339622641509434
goliath	1	0.4339622641509434
xenos	1	0.4339622641509434
judged	1	0.4339622641509434
games	2	0.4353988134475939
littleknown	1	0.43636363636363634
struggles	1	0.43636363636363634
deep	2	0.43654607122668176
hallucinogun	1	0.4375
cheeseburger	1	0.4375
nightmare	3	0.43881592662080465
chasing	1	0.43902439024390244
robros	1	0.43902439024390244
and	41	0.43951664088891296
pancake	6	0.4395703933747412
fjootjah	1	0.44
skate	1	0.44
volve	1	0.4406779661016949
dino	6	0.44088721489851435
insane	2	0.44126157407407407
annual	1	0.44155844155844154
tgwatt	1	0.4418604651162791
shade	1	0.4423076923076923
i	17	0.44248556685673324
monster	15	0.443806575779215
desire	1	0.4444444444444444
wants	1	0.4444444444444444
pineapple	1	0.4444444444444444
ritual	1	0.4444444444444444
boy	3	0.4460153256704981
novavon	1	0.44642857142857145
gmcynchronized	1	0.44642857142857145
core	2	0.44646317829457366
overtime	3	0.4465408805031447
asteroids	3	0.447008547008547
necromorecy	1	0.4482758620689655
as	3	0.44841269841269843
tanks	2	0.4485446985446986
lights	3	0.448559670781893
barry	2	0.4491546189659397
7	2	0.4498722860791826
gold	3	0.44990182490182495
blu	1	0.45
asymptote	1	0.45
cookie	2	0.4503086419753086
trap	2	0.45087719298245615
gather	2	0.45108695652173914
morse	1	0.45161290322580644
trainer	1	0.45161290322580644
gchan	1	0.45161290322580644
pathetic	3	0.4516129032258065
laboratory	2	0.45161982407208756
into	3	0.45259139953907396
kitteh	1	0.4528301886792453
liked	1	0.4528301886792453
clocks	1	0.4528301886792453
mess	1	0.4528301886792453
patch	3	0.4530849030849031
404	1	0.453125
bots	1	0.453125
bubble	1	0.453125
ictoat	1	0.453125
deceiver	1	0.453125
faykade	1	0.453125
baklush	1	0.453125
squirrel	1	0.453125
launch	1	0.453125
facace	1	0.453125
agency	1	0.453125
masked	1	0.453125
awesomness	1	0.453125
bair	1	0.453125
seeds	1	0.453125
coffee	1	0.453125
masks	1	0.453125
duhkovu	1	0.453125
shap3	1	0.453125
sh1ft3r	1	0.453125
2600	1	0.453125
wife	1	0.453125
polyworld	1	0.453125
wanted	1	0.453125
rgb	1	0.453125
eulophoria	1	0.453125
ballx	1	0.453125
eeveelution	1	0.453125
daface	1	0.453125
rospudas	1	0.453125
valley	1	0.453125
molten	1	0.453125
delivery	4	0.45449516468436457
down	3	0.45450494924179136
psymons	1	0.45454545454545453
orange	1	0.45454545454545453
blackcurrent	1	0.45454545454545453
healthbar	1	0.45454545454545453
that	9	0.45480063309312424
last	12	0.4560672560007597
adventures	7	0.4564125557210104
icarus	1	0.4567901234567901
zepplin	1	0.4576271186440678
dinos	1	0.4576271186440678
brain	4	0.457747113997114
tsukichan	1	0.4583333333333333
lunar	1	0.4583333333333333
eclipse	1	0.4583333333333333
city	4	0.4583618865765382
love	4	0.45866349121557454
tornado	2	0.45901639344262296
daily	1	0.4594594594594595
grind	1	0.4594594594594595
tails	1	0.4594594594594595
hidden	1	0.4594594594594595
village	1	0.4594594594594595
raider	2	0.4597560975609756
yor	1	0.46153846153846156
rise	1	0.46153846153846156
overdue	1	0.46153846153846156
noctia	1	0.4634146341463415
witch	1	0.4634146341463415
lightbulb	1	0.4634146341463415
tranquilliser	1	0.463768115942029
soulsnatcher	1	0.4642857142857143
meaning	1	0.4642857142857143
germs	1	0.4642857142857143
mickey	1	0.4642857142857143
search	1	0.4642857142857143
9	1	0.4642857142857143
bikkuria	1	0.46511627906976744
raftraftraft	1	0.46511627906976744
shark	2	0.4652908067542214
lie	2	0.4657866379310345
oh	2	0.46596596596596596
sword	2	0.4660353535353535
make	2	0.46647834274952915
from	8	0.4665235473519179
simple	2	0.4665718349928876
convergence	7	0.4666666666666667
little	8	0.4682342018161916
comet	1	0.46875
fall	2	0.4691358024691358
memories	3	0.4696969696969697
mouse	3	0.47052854974130187
bridge	2	0.47098214285714285
an	4	0.47112257081686426
cave	4	0.47115384615384615
sector78	1	0.4716981132075472
dolls	1	0.47368421052631576
steel	1	0.47368421052631576
shapes	1	0.47368421052631576
rts	1	0.47368421052631576
find	3	0.47395174309524846
adam	1	0.4745762711864407
not	12	0.47461302012776335
gaiden	2	0.47502859321387725
texter	1	0.47540983606557374
crab	2	0.47583985273815005
virtual	3	0.47592597144050924
keeper	2	0.4765625
his	3	0.47707953855494845
by	3	0.4771677927927928
call	1	0.4772727272727273
obligation	1	0.4772727272727273
paint	2	0.4774453941120608
place	2	0.4776021080368906
coco	2	0.4777777777777778
dandelion	1	0.4782608695652174
fish	5	0.4790873157026498
story	3	0.47909118357487923
fck	1	0.4791666666666667
continuum	1	0.4791666666666667
defender	2	0.47964891975308643
tentacle	1	0.48
knife	1	0.48
quickly	1	0.4805194805194805
dispensegifts	1	0.4805194805194805
science	4	0.4805761676123963
scraps	1	0.4807692307692308
epi	1	0.48148148148148145
waiting	1	0.48148148148148145
line	1	0.48148148148148145
tickle	1	0.48148148148148145
wrestling	1	0.48148148148148145
air	1	0.48148148148148145
spooky	1	0.48148148148148145
may	1	0.48148148148148145
beatboy	1	0.48214285714285715
legs	2	0.4824074074074074
hyperspace	1	0.48333333333333334
drunken	1	0.4838709677419355
joe	1	0.4838709677419355
angel	1	0.484375
change	3	0.4847222222222222
cat	11	0.48479372838681306
spacetime	2	0.48543348543348547
guardian	2	0.48608993902439024
janus	1	0.4864864864864865
swing	1	0.4864864864864865
daughter	2	0.4873070325900515
of	129	0.4875223322658345
tomorrow	1	0.4878048780487805
reflector	1	0.4878048780487805
sector	1	0.4878048780487805
on	15	0.4882364923821601
seal	1	0.4883720930232558
ballooning	1	0.4883720930232558
mages	1	0.4888888888888889
you	21	0.48922951035512424
forgotten	2	0.48960896910035545
failure	2	0.49056603773584906
breakers	1	0.49056603773584906
legbot	1	0.49056603773584906
adventure	12	0.4908255992874218
notes	1	0.4909090909090909
aux	1	0.4909090909090909
plusieurs	1	0.4909090909090909
espions	1	0.4909090909090909
lady	2	0.49125874125874125
lawyer	2	0.49137931034482757
outlaw	2	0.49137931034482757
introductions	1	0.4915254237288136
a	73	0.4923396371599979
tranquil	1	0.4927536231884058
waters	1	0.4927536231884058
shall	1	0.4927536231884058
cry	1	0.4927536231884058
quite	1	0.4927536231884058
nightmarish	1	0.4927536231884058
restored	1	0.4927536231884058
juniper	1	0.4927536231884058
tears	1	0.4927536231884058
warriors	1	0.4927536231884058
hades	1	0.4927536231884058
flow	1	0.4927536231884058
parrty	1	0.4935064935064935
retroaction	1	0.4936708860759494
half	1	0.49382716049382713
hearted	1	0.49382716049382713
turmoil	2	0.4945261717413616
veggie	2	0.49477886977886976
outer	2	0.4951737451737452
extinction	3	0.49519407146525785
attack	5	0.49538776124791417
turret	2	0.49583333333333335
mine	2	0.4964303926568078
dark	5	0.49674103558838156
apart	1	0.5
dragon	2	0.5
metro	1	0.5
le	1	0.5
merveilleux	1	0.5
circolors	1	0.5
tech	1	0.5
jack	1	0.5
recoilschmecoil	1	0.5
fog	1	0.5
stars	2	0.5011452130096198
redemption	2	0.5022527354644926
yellow	2	0.5038066865276398
weapons	2	0.5043402777777778
spaceship	2	0.5050872093023255
hero	10	0.5056011696636697
wardrobe	1	0.5061728395061729
grumpies	1	0.5061728395061729
orchard	1	0.5061728395061729
luchador	1	0.5061728395061729
force	3	0.5062701590479368
nine	1	0.5063291139240507
clown	3	0.5064888211382114
blackout	1	0.5064935064935064
space	19	0.5071258792298652
castle	3	0.5072102604997342
buzz	1	0.5081967213114754
doors	1	0.5084745762711864
chef	2	0.5086136177194421
zgjidhje	1	0.5087719298245614
guy	1	0.5094339622641509
meadow	1	0.5094339622641509
red	5	0.509741383513304
past	2	0.5101351351351351
dance	7	0.5105247486199868
8	1	0.5111111111111111
colors	1	0.5111111111111111
great	5	0.5113427010148321
rising	1	0.5116279069767442
tapsailing	1	0.5116279069767442
donut	1	0.5121951219512195
to	34	0.5126803407883628
pyramid	1	0.5135135135135135
energized	1	0.5135135135135135
righteous	1	0.5135135135135135
reasonable	1	0.5138888888888888
sum	1	0.5138888888888888
cash	1	0.5138888888888888
shadow	5	0.5146794871794873
doomsday	2	0.5148427115640231
wars	7	0.5160186262486505
danger	1	0.5161290322580645
noodle	1	0.5161290322580645
colorvergence	1	0.5166666666666667
hall	2	0.5171078921078921
supernatural	1	0.5172413793103449
devils	4	0.5179509311571459
dog	2	0.5182291666666667
gmcity	2	0.5185185185185185
forgive	1	0.5185185185185185
worth	1	0.5185185185185185
pencil	1	0.5189873417721519
ability	1	0.5192307692307693
tea	1	0.5194805194805194
meta	2	0.5196969696969698
be	5	0.5198810604251254
runner	2	0.5198863636363636
lens	1	0.52
collateral	1	0.5208333333333334
cube	2	0.5231829573934837
the	275	0.5237300378321013
how	3	0.5237796028177989
kinetsuka	1	0.5245901639344263
block	2	0.5246179966044142
are	8	0.5246325913719324
become	2	0.5247641509433962
recrudescence	1	0.5254237288135594
cellection	1	0.5254237288135594
sea	5	0.5255792108252506
evolution	7	0.5261904761904762
screw	1	0.5263157894736842
dream	2	0.5269886363636364
shaking	1	0.5272727272727272
soldiers	1	0.5272727272727272
vs	14	0.5277711758863102
arena	6	0.5280110741335557
elven	1	0.5283018867924528
manjuu	1	0.5283018867924528
stomp	1	0.5283018867924528
businessman	1	0.5283018867924528
lead	2	0.5301339285714286
bone	1	0.5308641975308642
crusher	1	0.5308641975308642
solomon	1	0.53125
organomech	1	0.53125
bubbly	1	0.53125
state	1	0.53125
sudden	1	0.53125
synchrocity	1	0.53125
terra	1	0.53125
duo	1	0.53125
experiment11	1	0.5316455696202531
keyboard	1	0.5324675324675324
agent	2	0.5324947589098532
darwin	1	0.5333333333333333
express	1	0.5333333333333333
tw0	1	0.5333333333333333
walls	1	0.5333333333333333
wizards	1	0.5333333333333333
pub	1	0.5333333333333333
crawl	1	0.5333333333333333
jump	2	0.5334821428571428
2	12	0.533549364845411
broken	3	0.5341816444984374
fusion	1	0.5344827586206896
lawmasters	1	0.5344827586206896
or	4	0.534829905306879
hanafuda	1	0.5348837209302325
koikoi	1	0.5348837209302325
mania	2	0.535204475308642
dashgunner	1	0.5357142857142857
server	1	0.5365853658536586
reset	1	0.5365853658536586
shooter	4	0.5368597201589826
war	15	0.5375156455738375
two	2	0.5379746835443038
newton	2	0.5384615384615384
cosmonaut	1	0.5384615384615384
deals	1	0.5384615384615384
growing	1	0.5384615384615384
reloop	1	0.5405405405405406
catchers	1	0.5405405405405406
misuware	1	0.5405405405405406
toss	1	0.5405405405405406
planet	4	0.5407718505419655
in	38	0.5411862565150106
mr	9	0.5412119366249334
ninja	8	0.541264632054475
pixel	7	0.5412947351958014
human	3	0.5420576131687243
snowball	3	0.5421911421911422
wac	1	0.5423728813559322
mammal	1	0.5423728813559322
law	4	0.5431034482758621
grumpy	1	0.5432098765432098
growlies	1	0.5432098765432098
simov	1	0.543859649122807
world	15	0.5439204390852226
paradigm	1	0.5443037974683544
cool	2	0.5446969696969697
jamz	1	0.5454545454545454
damaged	1	0.5454545454545454
need	2	0.5455609963806685
bass	1	0.5471698113207547
mayhem	2	0.5478114478114477
treasure	6	0.5478858095383519
running	2	0.5485963983050848
underworld	2	0.5491071428571428
disasters	2	0.5491803278688525
murder	3	0.5494842322428529
bfse	1	0.55
along	1	0.55
lines	1	0.55
island	10	0.5503881051017782
worlds	3	0.5517361111111111
warrior	3	0.5524607487922705
man	9	0.5530326029415371
over	3	0.5534156976744186
burning	1	0.5535714285714286
mice	2	0.5537858368047047
super	25	0.5543324334271307
they	5	0.5546401725497769
major	2	0.555331088664422
metrojdvania	1	0.5555555555555556
sheep	1	0.5555555555555556
parrot	2	0.5555555555555556
22	1	0.5555555555555556
incredibly	1	0.5555555555555556
ineffective	1	0.5555555555555556
bite	1	0.5555555555555556
mcmurdo	1	0.5555555555555556
morning	1	0.5555555555555556
commute	1	0.5555555555555556
blobbies	1	0.5569620253164557
desert	2	0.5574190542744002
distress	2	0.5574596774193548
elementary	1	0.5576923076923077
fushi	1	0.5581395348837209
shinden	1	0.5581395348837209
gatika	1	0.5581395348837209
medley	1	0.559322033898305
primordial	1	0.559322033898305
goddesses	1	0.559322033898305
evanskis	1	0.56
raccoon	1	0.56
my	14	0.5600226865976364
em	2	0.5603448275862069
atom	1	0.5609756097560976
danmaku	1	0.5609756097560976
dusk	1	0.5609756097560976
this	3	0.561196052804459
maker	1	0.5614035087719298
rain	2	0.5615137346580947
tranquility	9	0.5619967793880838
dime	1	0.5625
birthday	3	0.5627705627705627
laws	8	0.5633289124668435
virus	2	0.5635171790235082
door	3	0.5643181495671917
for	16	0.5645350839926393
back	5	0.5650586164100958
file	1	0.5652173913043478
corrupt	1	0.5652173913043478
fishing	1	0.5652173913043478
infinitus	1	0.5652173913043478
modar	1	0.5652173913043478
evil	1	0.5652173913043478
plight	1	0.5652173913043478
firefly	1	0.5652173913043478
unk	1	0.5652173913043478
hellkite	1	0.5660377358490566
life	14	0.5664651800784279
off	7	0.5664934190902612
mutation	1	0.5666666666666667
mobvergence	1	0.5666666666666667
guns	1	0.5666666666666667
looping	1	0.5675675675675675
lemmings	1	0.5675675675675675
bond	1	0.5675675675675675
stttat	1	0.5675675675675675
road	2	0.5679012345679012
yals	1	0.5681818181818182
training	1	0.5681818181818182
springs	1	0.5689655172413793
no	7	0.5693667089015926
ancient	1	0.5694444444444444
piranha	1	0.5694444444444444
isle	1	0.5694444444444444
countdown	1	0.569620253164557
nuclear	1	0.569620253164557
naul	1	0.569620253164557
sbx	1	0.569620253164557
invasion	1	0.569620253164557
wrong	1	0.569620253164557
sgw	1	0.569620253164557
spiderscape	1	0.569620253164557
community	1	0.569620253164557
toothpaste	1	0.569620253164557
mistake	2	0.569655172413793
arctic	3	0.5696969696969697
madness	2	0.5703465449263332
home	2	0.5709123757904246
isamu	1	0.5714285714285714
everyone	3	0.573163327261688
abiacs	1	0.5737704918032787
have	4	0.5742924528301886
memory	7	0.5746753246753247
live	12	0.5752088554720133
balls	3	0.5754079254079253
bandit	2	0.5759176863181312
could	2	0.5759562841530055
it	7	0.5760163634499786
matrix6	1	0.576271186440678
escape	11	0.5769193133329596
relative	1	0.5769230769230769
fray	1	0.5769230769230769
wizzy	1	0.5769230769230769
gizzard	1	0.5769230769230769
speed	1	0.5769230769230769
restory	1	0.5769230769230769
wormhole	2	0.5776041666666667
cannibal	1	0.5777777777777777
floor	2	0.5778688524590163
ocean	4	0.5789459517657192
demons	2	0.5790123456790124
rescue	3	0.5795668549905838
bake	1	0.5802469135802469
pal	1	0.5802469135802469
sync	2	0.5803571428571428
money	2	0.581634963768116
pigeon	2	0.581634963768116
anton	1	0.5818181818181818
guide	2	0.5824947033898304
up	5	0.5830834883466463
match	1	0.5833333333333334
cargo	1	0.5833333333333334
cranky	1	0.5833333333333334
frank	1	0.5833333333333334
round	1	0.5833333333333334
circuits	1	0.5849056603773585
resetka	1	0.5849056603773585
slimey	1	0.5849056603773585
tardin	1	0.5849056603773585
deer	2	0.5853658536585366
bash	4	0.5853921934858287
disorder	1	0.5862068965517241
vlad	1	0.5862068965517241
iii	1	0.5862068965517241
zombies	4	0.5877645502645503
1000	2	0.5881355932203389
chicken	2	0.5890198511166254
leaper	1	0.5892857142857143
drusba	1	0.5892857142857143
way	4	0.5894189819024012
knight	2	0.5900223856731692
generic	1	0.5901639344262295
fiesta	2	0.5909090909090909
alive	5	0.5916203161592506
am	2	0.5917774086378738
conquer	3	0.5919919919919919
pacifist	1	0.5925925925925926
revival	1	0.5925925925925926
satsuka	1	0.5925925925925926
cost	1	0.5925925925925926
puzzle	1	0.5925925925925926
specimen	1	0.5932203389830508
1201	1	0.5945945945945946
charged	1	0.5945945945945946
bullets	1	0.5945945945945946
chronicles	1	0.5945945945945946
time	25	0.5946881401384995
ball	2	0.5953504043126685
kingdom	2	0.5954954954954955
lansbury	1	0.5961538461538461
jam	16	0.5964176057933512
temple	3	0.5964456952261831
tinamcniiaggab	1	0.5964912280701754
animals	1	0.5974025974025974
journey	3	0.5983934837657703
undead	2	0.5987654320987654
revenge	6	0.5989443549830024
trains	3	0.6
pinguin	1	0.6
quilting	1	0.6
pursuit	1	0.6
old	5	0.6000151683688947
death	7	0.6003184470008308
converge	2	0.6005952380952382
against	2	0.6019677996422182
	25	0.6027191436296762
sclaw	1	0.603448275862069
lol	1	0.603448275862069
spencer	1	0.603448275862069
street	1	0.603448275862069
sizzler	1	0.603448275862069
biosphere	1	0.603448275862069
lawless	1	0.603448275862069
atourney	1	0.603448275862069
advanced	1	0.603448275862069
lex	1	0.603448275862069
codex	1	0.603448275862069
breaker	1	0.603448275862069
abiding	1	0.603448275862069
noy	1	0.603448275862069
damnation	1	0.603448275862069
genetic	1	0.603448275862069
knowledge	1	0.603448275862069
enforcers	1	0.603448275862069
help	1	0.603448275862069
britain	1	0.603448275862069
stupid	1	0.603448275862069
happy	4	0.6035947886357722
fight	5	0.6039863906583455
bors	1	0.6041666666666666
2017	1	0.6041666666666666
sushi	1	0.6046511627906976
sakusei	1	0.6046511627906976
beyonder	1	0.6046511627906976
matador	1	0.6049382716049383
tidal	1	0.6071428571428571
wave	1	0.6071428571428571
random	1	0.6071428571428571
iron	1	0.6071428571428571
explosion	1	0.6071428571428571
congratulations	1	0.6071428571428571
youre	1	0.6071428571428571
given	1	0.6071428571428571
suburban	1	0.6071428571428571
nature	1	0.6071428571428571
comes	1	0.6071428571428571
news	1	0.6071428571428571
sunless	1	0.6071428571428571
synchrobeatings	1	0.6071428571428571
warfare	4	0.6078796517750006
slime	2	0.6081730769230769
mystery	2	0.608366935483871
gmc	7	0.6093947923997185
pilgrim	1	0.6097560975609756
occupational	1	0.6097560975609756
hazard	1	0.6097560975609756
smithereens	1	0.6101694915254238
dragonmen	1	0.6101694915254238
insanity	2	0.6111111111111112
is	11	0.6112843036209037
intruder	2	0.6117992177314211
alert	2	0.6117992177314211
sun	3	0.6126572626763248
pugthetic	1	0.6129032258064516
boss	12	0.6132075471698113
define	1	0.6136363636363636
kidnapped	2	0.6138888888888889
duel	1	0.6140350877192983
gears	1	0.6140350877192983
satellites	1	0.6153846153846154
au	1	0.6153846153846154
debut	1	0.6153846153846154
ca	1	0.6153846153846154
va	1	0.6153846153846154
fate	1	0.6153846153846154
earth	9	0.6154258244017927
hunt	6	0.6161031355727441
souls	2	0.6163793103448276
evolo	1	0.6166666666666667
bakery	1	0.6166666666666667
fighting	2	0.6172839506172839
soulgrab	1	0.6172839506172839
candy	3	0.6175925925925926
kalter	1	0.6181818181818182
krieg	1	0.6181818181818182
face	2	0.6186440677966102
deadly	2	0.6187739463601533
jetpack	3	0.6189209588243854
bit	2	0.619757688723206
ouija	1	0.6206896551724138
nothing	3	0.6208204732510287
trax	1	0.6216216216216216
tossup	1	0.6216216216216216
shootout	1	0.6216216216216216
starship	1	0.6216216216216216
skedaddle	1	0.6216216216216216
imperialist	1	0.6216216216216216
what	2	0.6219113372093024
nod	1	0.6222222222222222
tankshow	1	0.6226415094339622
long	3	0.6227954144620811
plants	1	0.6229508196721312
calm	1	0.6231884057971014
political	1	0.6233766233766234
defend	5	0.6235765956634601
small	5	0.6236981132075472
got	2	0.6245110821382008
carribean	1	0.625
trail	1	0.625
pseudo	1	0.625
juliet	1	0.625
newtons	4	0.625
lives	4	0.6260888501742161
park	2	0.6268292682926829
paraverse	1	0.6271186440677966
stealth	3	0.6274388085708841
springy	1	0.627906976744186
san	1	0.627906976744186
project_dahlia	1	0.627906976744186
everybody	3	0.6280129335684891
zombie	6	0.6287432361024267
offroad	1	0.6296296296296297
asylum	2	0.6296296296296297
pats	1	0.6296296296296297
greatest	1	0.6296296296296297
ioicmmoatwbsme	1	0.6296296296296297
dillusion	1	0.6296296296296297
incongruity	1	0.6296296296296297
creeping	1	0.6296296296296297
uggs	1	0.6296296296296297
afraid	1	0.6296296296296297
runners	1	0.6296296296296297
phase	1	0.6296296296296297
shifter	1	0.6296296296296297
pirates	8	0.6302083333333334
fruit	2	0.6306193806193806
party	29	0.6313483264702778
1	3	0.6333091085271317
dodge	2	0.6333333333333333
wreck	2	0.6333333333333333
slimelvator	1	0.6333333333333333
hungry	1	0.6341463414634146
doggys	1	0.6346153846153846
garden	1	0.6346153846153846
called	1	0.6363636363636364
nodezche	1	0.6363636363636364
wedded	1	0.6363636363636364
amazing	1	0.6363636363636364
richman	1	0.6363636363636364
fantasy	1	0.6363636363636364
detective	6	0.6364523158001418
now	2	0.6369047619047619
assault	3	0.6370468611847923
martyrdom	1	0.6376811594202898
ultimate	3	0.637738702968425
santa	2	0.6379310344827587
blobs	2	0.6392405063291139
yoyocoin	1	0.64
market	1	0.64
drop	4	0.6407774504860724
brick	2	0.6411668706650346
derp	1	0.6419753086419753
fun	2	0.6421070460704608
klown	2	0.642350332594235
once	2	0.6423862887277522
upon	2	0.6423862887277522
train	14	0.6428571428571427
deadness	1	0.6428571428571429
tank	4	0.6432792510378718
crazy	3	0.6433184302036761
sid	1	0.6440677966101694
upside	1	0.6444444444444445
nova	1	0.6451612903225806
mare	1	0.6451612903225806
eyesore	1	0.6458333333333334
ship	3	0.6461024978466838
factory	2	0.6463414634146342
just	4	0.647848731884058
battledancers	1	0.6486486486486487
charge	1	0.6486486486486487
sci	1	0.6486486486486487
dominion	1	0.6486486486486487
hate	1	0.6491228070175439
scattered	1	0.6493506493506493
army	1	0.6493506493506493
pumpkin	2	0.65
kurei	1	0.65
simons	1	0.65
smog	1	0.6511627906976745
finding	1	0.6511627906976745
peaceful	1	0.6521739130434783
scientist	2	0.652542372881356
whale	1	0.6527777777777778
cure	1	0.6538461538461539
trigger	2	0.654320987654321
hope	1	0.654320987654321
slaughter	2	0.655072463768116
cabin	1	0.6551724137931034
spielcomm	2	0.6555555555555556
mundus	1	0.65625
toast	1	0.65625
ghost	10	0.6580001171127219
hole	2	0.6582895723930983
wereaxolotl	1	0.6585365853658537
cycle	1	0.6585365853658537
freeze	1	0.6585365853658537
greenshield	1	0.6585365853658537
brave	1	0.6585365853658537
dr	6	0.6587671038040194
run	8	0.6588993493386303
everlasting	1	0.6590909090909091
err	1	0.660377358490566
forgiveness	1	0.660377358490566
razor	1	0.660377358490566
treat	1	0.660377358490566
size	1	0.660377358490566
matters	1	0.660377358490566
steam	1	0.660377358490566
era	1	0.660377358490566
nameless	1	0.660377358490566
cyborg	1	0.660377358490566
g	1	0.6607142857142857
biv	1	0.6607142857142857
september	1	0.6610169491525424
campaign	1	0.6610169491525424
ptero	1	0.6610169491525424
square	2	0.6615819209039548
smileys	1	0.6623376623376623
survival	4	0.6638786624213007
spud	2	0.6645752895752897
see	2	0.6648341049382716
click	3	0.665115115115115
samurai	4	0.6663381947181711
guru	1	0.6666666666666666
circle	1	0.6666666666666666
ammo	1	0.6666666666666666
seas	1	0.6666666666666666
afterbuild	1	0.6666666666666666
alone	1	0.6666666666666666
push	1	0.6666666666666666
rush	2	0.6678678678678678
impossible	2	0.6711538461538462
dead	8	0.6711872073222648
parkour	1	0.6721311475409836
platformer	1	0.6721311475409836
thing	2	0.6721456344998233
truth	1	0.6730769230769231
robo	2	0.674074074074074
deli	1	0.6744186046511628
ahoy	1	0.6744186046511628
rpging	1	0.6753246753246753
mad	4	0.6754383401519579
supercharger	1	0.6756756756756757
conquest	10	0.6756756756756757
lem	1	0.6756756756756757
signal	1	0.6774193548387096
found	1	0.6774193548387096
banana	2	0.6776776776776776
shooting	1	0.6779661016949152
stranded	1	0.6779661016949152
right	2	0.6782485875706215
sprite	1	0.6790123456790124
entity	1	0.6790123456790124
grey	1	0.6790123456790124
shroom	1	0.68
best	2	0.6818693693693694
demon	2	0.6820420958351993
ghostlight	1	0.6829268292682927
peacefully	1	0.6842105263157895
realm	2	0.6852564102564103
black	3	0.6856801390699695
machine	2	0.6872586872586872
jaguar	1	0.6883116883116883
pogo	1	0.6883116883116883
nights	1	0.6888888888888889
knights	1	0.6888888888888889
kong	1	0.6909090909090909
wild	1	0.6909090909090909
evolu	1	0.691358024691358
nice	1	0.691358024691358
suits	1	0.691358024691358
pharaoh	1	0.691358024691358
tale	4	0.6915122061482821
ultra	3	0.6915269700079828
odd	1	0.6923076923076923
created	1	0.6949152542372882
additive	1	0.6949152542372882
blending	1	0.6949152542372882
crystal	1	0.6956521739130435
basketball	1	0.6962025316455697
shoot	5	0.6964062623742773
drawn	1	0.6964285714285714
game	34	0.6975394180633103
japanese	1	0.6976744186046512
conqueror	1	0.6976744186046512
silent	2	0.6988776655443322
hellgauge	1	0.7
armagedon	1	0.7
shootin	1	0.7
goo	1	0.7
succeed	1	0.7017543859649122
construction	1	0.7017543859649122
deconstruction	1	0.7017543859649122
forth	2	0.7018728222996515
mirror	1	0.7027027027027027
image	1	0.7027027027027027
prism	1	0.7027027027027027
palace	1	0.7027027027027027
goating	1	0.7027027027027027
travel	1	0.7037037037037037
hard	1	0.7037037037037037
plungy	1	0.7037037037037037
mart	1	0.7037037037037037
panic	1	0.7037037037037037
glitch	2	0.7040210942649967
building	3	0.7042147227636993
longshotpot	1	0.7045454545454546
dev	1	0.7049180327868853
balloon	4	0.7060537626575363
bazombie	1	0.7073170731707317
crushes	1	0.7083333333333334
starchaser	1	0.7083333333333334
anonyma	1	0.7088607594936709
kropper	1	0.7088607594936709
acid	1	0.7090909090909091
dough	1	0.7090909090909091
apocalypse	3	0.7095174800092834
hansha	1	0.7096774193548387
aardvark	1	0.7101449275362319
cwm	1	0.7101449275362319
surreptitious	1	0.7101449275362319
ferretjam	1	0.7101449275362319
defending	1	0.7101449275362319
helloolechapthisisastoryhello	1	0.7101449275362319
payload	1	0.7101449275362319
cant	1	0.7101449275362319
buy	1	0.7101449275362319
portals	1	0.7101449275362319
retrospection	1	0.7101449275362319
akovi	1	0.7101449275362319
dreamy	1	0.7101449275362319
beamy	1	0.7101449275362319
let	1	0.7101449275362319
sleep	1	0.7101449275362319
lame	1	0.7101449275362319
theme	1	0.7101449275362319
swan	1	0.7101449275362319
serenity	1	0.7101449275362319
arcadia	1	0.7101449275362319
maggot	1	0.7101449275362319
frying	1	0.7101449275362319
pan	1	0.7101449275362319
potato	5	0.710958230958231
2020	1	0.7111111111111111
drug	1	0.7115384615384616
dealer	1	0.7115384615384616
cavemans	1	0.711864406779661
pets	1	0.711864406779661
second	2	0.7133709016393442
all	11	0.7140893074718643
come	3	0.7140963939457348
range	1	0.7142857142857143
service	1	0.7142857142857143
sanctuary	1	0.7160493827160493
dreth	1	0.7160493827160493
magnet	1	0.7166666666666667
43	1	0.7169811320754716
secret	1	0.72
save	5	0.7204512621917617
arakawa	1	0.7209302325581395
river	1	0.7209302325581395
global	1	0.7213114754098361
thermonuclear	1	0.7213114754098361
shot	1	0.7215189873417721
islands	2	0.7217810550198525
ninjas	1	0.7222222222222222
messin	1	0.7222222222222222
frenzy	2	0.7232866617538688
clowns	2	0.7239467849223946
forbidden	2	0.7256442489000628
says	2	0.7272727272727273
yologuins	1	0.7272727272727273
torch	1	0.7272727272727273
hotelefone	1	0.7283950617283951
uf	1	0.7283950617283951
horrar	1	0.7283950617283951
welcome	1	0.7283950617283951
villain	1	0.7291666666666666
cardquest	1	0.7297297297297297
roguelike	1	0.7307692307692307
agent37	1	0.7307692307692307
kings	1	0.7317073170731707
atonement	1	0.7317073170731707
neet	1	0.7317073170731707
retreat	1	0.7317073170731707
missile	1	0.7321428571428571
def	1	0.7321428571428571
bird	7	0.7322419965610717
blaster	2	0.7326599326599326
collision	1	0.7333333333333333
objective	1	0.7333333333333333
guess	1	0.7333333333333333
hostage	1	0.7333333333333333
afterlife	1	0.7341772151898734
ferocious	1	0.7341772151898734
mitosis	1	0.7341772151898734
froglim	1	0.7341772151898734
gerbil	1	0.7341772151898734
scientific	1	0.7341772151898734
flaw	1	0.7341772151898734
worm	1	0.7341772151898734
surviving	2	0.7354098360655738
da	4	0.7358593626550427
something	4	0.7376303503643266
frankenstorm	1	0.7377049180327869
smash	3	0.7387005649717514
switch	3	0.7398373983739838
behemoth	1	0.7402597402597403
butler	1	0.7407407407407407
pay	1	0.7407407407407407
price	1	0.7407407407407407
living	2	0.7420178799489144
chie	1	0.7441860465116279
4	3	0.744430432955023
hunter	3	0.7448965191705961
starring	1	0.7454545454545455
ramballs	1	0.7454545454545455
foreign	2	0.7457627118644068
tops	1	0.7457627118644068
strategy	3	0.7468434343434343
bad	3	0.749550763701707
aliens	2	0.75
stereoscopic	1	0.75
spider	2	0.75
mummy	1	0.75
bat	1	0.75
batty	1	0.75
reunion	1	0.75
overcome	2	0.75
lava	2	0.7500910746812386
enough	2	0.7504213009774183
swiss	3	0.7505030745391696
charona	1	0.7530864197530864
florida	1	0.7532467532467533
unit	1	0.7540983606557377
3452	1	0.7540983606557377
octopus	1	0.7543859649122807
happiness	1	0.7543859649122807
subpar	1	0.7543859649122807
dadiomadememakethisgame	1	0.7560975609756098
computer	1	0.7560975609756098
royale	2	0.7561561561561562
loop	2	0.7567567567567568
oblivion	1	0.7567567567567568
curser	1	0.7586206896551724
bomb	6	0.7596681257238327
kill	5	0.7604897222397591
gentlemanly	1	0.7627118644067796
pie	1	0.7627118644067796
avoid	1	0.7627118644067796
numskulz	1	0.7627118644067796
rpg	2	0.7633779264214047
flame	1	0.7636363636363637
prototype	1	0.7636363636363637
twerkin	1	0.7638888888888888
yaaar	1	0.7638888888888888
skeletons	1	0.7654320987654321
pushed	1	0.7654320987654321
their	1	0.7654320987654321
skin	1	0.7654320987654321
tree	1	0.7654320987654321
seth	1	0.765625
bears	1	0.7662337662337663
desolation	1	0.7666666666666667
hatch	1	0.7666666666666667
controller	1	0.7666666666666667
doom	2	0.7673611111111112
honeybees	1	0.7674418604651163
cluster	1	0.7674418604651163
hornet	1	0.7674418604651163
windwaker	1	0.7674418604651163
her	3	0.7677487080103359
boogie	1	0.7678571428571429
ping	2	0.7684511434511434
astronewton	1	0.7692307692307693
wanna	1	0.7692307692307693
school	1	0.7692307692307693
piece	1	0.7692307692307693
hungers	1	0.7692307692307693
pidgeon	2	0.7704918032786885
meteorthe	1	0.7704918032786885
impact	1	0.7704918032786885
evils	1	0.7708333333333334
neighbourhood	1	0.7708333333333334
jenny	1	0.7727272727272727
twilight	1	0.7735849056603774
legasy	1	0.7735849056603774
bin	1	0.7741935483870968
mega	3	0.7767829577029947
maze	3	0.7771143857271906
galactic	2	0.7774086378737541
turnx	1	0.7777777777777778
b	1	0.7777777777777778
coughlins	1	0.7777777777777778
triangle	1	0.7777777777777778
dots	1	0.7777777777777778
lieutenant	1	0.7777777777777778
swell	1	0.7777777777777778
sweet	1	0.7777777777777778
olde	1	0.7777777777777778
monty	1	0.7777777777777778
goes	1	0.7777777777777778
humpty	1	0.7777777777777778
colorwars	1	0.7777777777777778
where	2	0.7782258064516129
prerun	1	0.7796610169491526
lay	1	0.7804878048780488
limbs	1	0.7804878048780488
valid	1	0.78125
invalid	1	0.78125
delux	2	0.78125
fleitgeist	1	0.7833333333333333
4d	1	0.7837837837837838
viking	1	0.7837837837837838
cavern	1	0.7837837837837838
canada	1	0.7837837837837838
deluge	1	0.7868852459016393
burrows	1	0.7868852459016393
fits	1	0.7868852459016393
handicap	1	0.7868852459016393
freedom	2	0.7869047619047619
at	3	0.7873977031536229
cubi	1	0.7894736842105263
lws	1	0.7894736842105263
jamwinner	1	0.7894736842105263
deamons	1	0.7901234567901234
orb	1	0.7901234567901234
territory	1	0.7901234567901234
shes	1	0.7906976744186046
had	1	0.7906976744186046
youarenotthehero	1	0.7916666666666666
scuttler	1	0.7922077922077922
protect	2	0.7923497267759563
bossboss	1	0.7924528301886793
childs	1	0.7954545454545454
pterodactyl	1	0.7966101694915254
gaem	4	0.7978590404750743
high	3	0.7981907452246434
flytrap	1	0.8
dad	1	0.8
whack	1	0.8
mole	1	0.8
mosquitattoos	1	0.8
duck	5	0.8003540647565804
disarmer	1	0.8035714285714286
ducks	1	0.8035714285714286
karma	1	0.8035714285714286
bread	2	0.8044444444444444
lildudes	1	0.8048780487804879
octagon	1	0.8048780487804879
dawg	1	0.8051948051948052
minute	2	0.8055797733217087
creatures	1	0.8064516129032258
roam	1	0.8064516129032258
them	2	0.8070175438596492
f	1	0.8076923076923077
m	1	0.8076923076923077
apple	1	0.8076923076923077
tony	1	0.8076923076923077
get	3	0.80994560994561
ride	2	0.8105708245243128
yourself	1	0.8108108108108109
rulesquest2	1	0.8108108108108109
oxymoron	1	0.8108108108108109
stellar	1	0.8108108108108109
destiny	1	0.8108108108108109
hippy	1	0.8113207547169812
purgatory	2	0.8121141975308642
bards	1	0.8125
bard	1	0.8125
bliss	1	0.8135593220338984
cursed	1	0.8135593220338984
ufo	1	0.8135593220338984
cyberdino	1	0.8135593220338984
daring	1	0.813953488372093
knows	3	0.8141025641025642
stereotype	1	0.8166666666666667
flood	1	0.8166666666666667
control	1	0.8166666666666667
agyro	1	0.8181818181818182
pengwinterfell	1	0.8181818181818182
waiter	1	0.8181818181818182
3	5	0.8185518852185518
cyclone	1	0.819672131147541
traim	1	0.8214285714285714
synchro	1	0.8214285714285714
psymon	1	0.8214285714285714
innocence	1	0.8214285714285714
repeat	1	0.8222222222222222
level	2	0.8245192307692308
zoomies	1	0.8269230769230769
static	2	0.8271604938271604
transformation	1	0.8271604938271605
engine	1	0.8271604938271605
test	1	0.8271604938271605
submerge	1	0.8275862068965517
neverending	1	0.8292682926829268
blooban	1	0.8301886792452831
neanderthals	1	0.8305084745762712
fist	1	0.8311688311688312
name	2	0.8333333333333333
jail	1	0.8333333333333334
popcorn	1	0.8333333333333334
amoeba	1	0.8354430379746836
ill	1	0.8354430379746836
jammed	1	0.8354430379746836
outofsight	1	0.8354430379746836
12	1	0.8360655737704918
pages	1	0.8360655737704918
warehouse	1	0.8363636363636363
skyland	1	0.8372093023255814
voyager	1	0.8372093023255814
treadmill	1	0.8378378378378378
nightsideslide	1	0.8378378378378378
base	1	0.8378378378378378
camp	1	0.8378378378378378
castlecrest	1	0.8378378378378378
uplink	1	0.8395061728395061
unlocking	1	0.8395061728395061
fear	1	0.8395061728395061
frankenstein	1	0.8395061728395061
junior	1	0.8395061728395061
away	1	0.8395061728395061
toyz	1	0.8395061728395061
dimensions	1	0.8395061728395061
ordinary	1	0.84
brothers	1	0.84
flag	2	0.8401162790697674
blind	1	0.8409090909090909
presidant	1	0.8421052631578947
collect	2	0.8426426426426427
puker	1	0.8441558441558441
business	3	0.8442015128335884
jamp	1	0.8444444444444444
defense	3	0.8451055791675101
buttchin	1	0.8461538461538461
saves	1	0.8461538461538461
woodcutter	1	0.8461538461538461
clicker	3	0.8471380471380471
hams	1	0.847457627118644
jumper	2	0.8482521186440678
gladiator	1	0.8490566037735849
eater	3	0.8498116760828626
railroad	1	0.85
brawler	1	0.85
ask	1	0.8518518518518519
baserisk	1	0.8518518518518519
s	2	0.8518711018711018
corner	1	0.8524590163934426
uni	1	0.8536585365853658
bank	1	0.8541666666666666
fourth	1	0.8571428571428571
dimension	1	0.8571428571428571
synchronise	1	0.8571428571428571
mother	5	0.8571825111330359
saving	1	0.859375
private	1	0.859375
ryan	1	0.859375
engineering	1	0.8596491228070176
bushidobot	1	0.8604651162790697
aboard	1	0.8604651162790697
spudship	1	0.8604651162790697
3d	3	0.8616352201257862
重力スワッパーgravity	1	0.8620689655172413
switcher	1	0.8620689655172413
piano	1	0.8636363636363636
but	1	0.8641975308641975
rob	1	0.864406779661017
museum	1	0.864406779661017
sanjis	1	0.8648648648648649
syndrome	1	0.8648648648648649
hunted	1	0.8648648648648649
pump	1	0.8648648648648649
mini	1	0.8648648648648649
civilizations	1	0.8648648648648649
yoyo	1	0.8666666666666667
bombs	1	0.8666666666666667
micro	1	0.8679245283018868
minis	1	0.8679245283018868
punchman	1	0.8679245283018868
build	3	0.8682261208576998
crusty	1	0.8709677419354839
chris	1	0.8709677419354839
together	2	0.872072072072072
showtime	1	0.875
passive	1	0.875
aggressive	1	0.875
greebly	1	0.875
untitled	7	0.8753037176002293
50	1	0.8765432098765432
yrs	1	0.8765432098765432
hence	1	0.8765432098765432
clewninck	1	0.8780487804878049
darkness	1	0.8780487804878049
gungho	1	0.8780487804878049
pro	1	0.8780487804878049
commando	1	0.8780487804878049
wheelchair	1	0.88
joyride	1	0.88
lazer	1	0.8813559322033898
dojo	1	0.8813559322033898
jesus	1	0.8813559322033898
roy	3	0.8822751322751322
matoset	1	0.8831168831168831
yum	1	0.8833333333333333
frontier	1	0.8837209302325582
reel	1	0.8846153846153846
slots	1	0.8846153846153846
boring	1	0.8863636363636364
llli	1	0.8867924528301887
brigade	1	0.8867924528301887
ventured	1	0.8888888888888888
vaccine	1	0.8888888888888888
05x2	1	0.890625
potatomon	1	0.8909090909090909
pressed	1	0.8918918918918919
verizon	1	0.8918918918918919
horizon	1	0.8918918918918919
tato	1	0.8918918918918919
lazers	1	0.8918918918918919
pixle	1	0.8918918918918919
cleaners	1	0.8918918918918919
enimies	1	0.8928571428571429
allies	1	0.8928571428571429
many	1	0.8928571428571429
greg	1	0.8928571428571429
steward	1	0.8947368421052632
pooper	1	0.8961038961038961
dust	1	0.8983050847457628
cloud	1	0.8983050847457628
forfun	1	0.9
jammin	1	0.9
single	1	0.9
entryexe	1	0.9
only	2	0.9
regret	1	0.9012345679012346
buk	1	0.9016393442622951
shield	1	0.9024390243902439
shuffle	1	0.9024390243902439
prerogative	1	0.9027777777777778
backers	1	0.9027777777777778
pathétique	1	0.9032258064516129
sandy	1	0.9056603773584906
handy	1	0.9056603773584906
quit	1	0.9056603773584906
amazalkazopopolusity	1	0.90625
japans	1	0.9069767441860465
mindfart	1	0.9069767441860465
kosmonaut	1	0.9090909090909091
kombat	1	0.9090909090909091
parade	1	0.9090909090909091
stuck	1	0.9107142857142857
drill	1	0.9111111111111111
beet	1	0.9113924050632911
trees	1	0.9113924050632911
icescape	1	0.9113924050632911
crafting	1	0.9122807017543859
buried	1	0.9135802469135802
baby	2	0.9136429608127721
greyfield	1	0.9152542372881356
reckoning	1	0.9166666666666666
border	1	0.9166666666666666
guard	1	0.9166666666666666
techno	1	0.9180327868852459
vault	1	0.9180327868852459
havoc	1	0.918918918918919
bitnslash	1	0.918918918918919
axem	1	0.918918918918919
people	2	0.9189814814814814
catch	1	0.92
damn	1	0.92
paddles	1	0.922077922077922
gimbo	1	0.9230769230769231
johnnys	1	0.9230769230769231
decisions	1	0.9230769230769231
cubes	1	0.9245283018867925
stronger	1	0.9245283018867925
galaxy	1	0.9245283018867925
goons	1	0.9245283018867925
matsu	1	0.926829268292683
roys	2	0.9278384640847401
thirteen	1	0.9285714285714286
supper	1	0.9285714285714286
pixl	1	0.9285714285714286
advetur1111	1	0.9285714285714286
heat	1	0.9298245614035088
hazel	1	0.9310344827586207
amtipo	1	0.9318181818181818
acitamosohcysp	1	0.9318181818181818
snail	1	0.9322033898305084
racer	1	0.9322033898305084
solars	1	0.9322033898305084
pet	1	0.9322033898305084
sandbox	1	0.9322033898305084
tictactoe	1	0.9333333333333333
outside	1	0.9333333333333333
goin	1	0.935064935064935
nite	1	0.935064935064935
five	1	0.9354838709677419
shifty	1	0.9375
veggies	1	0.9382716049382716
beasts	1	0.9382716049382716
evobio	1	0.9382716049382716
joke	4	0.9401031940901782
bigger	1	0.9433962264150944
bosses	1	0.9433962264150944
deck	1	0.9444444444444444
sweeper	1	0.9444444444444444
rushed	1	0.9454545454545454
father	1	0.9459459459459459
paz	1	0.9459459459459459
uncompleted	1	0.9459459459459459
gravitation	1	0.9459459459459459
professor	1	0.9459459459459459
heinous	1	0.9459459459459459
sheeple	1	0.9464285714285714
year	1	0.9473684210526315
2000	1	0.9473684210526315
retrieval	1	0.948051948051948
borders	1	0.9491525423728814
trilobytes	1	0.9491525423728814
yummy	1	0.9493670886075949
moon	2	0.949901120632828
evo	1	0.95
potatoes	1	0.95
doooooom	1	0.95
unless	1	0.9506172839506173
hurry	1	0.9512195121951219
fastly	1	0.9512195121951219
20	1	0.9512195121951219
read	1	0.953125
trade	1	0.9534883720930233
alpha	1	0.9534883720930233
centuri	1	0.9534883720930233
retrospect	1	0.9545454545454546
paintbh	2	0.9567418315692591
et	1	0.96
2021	1	0.96
guardians	1	0.961038961038961
juegos	1	0.9615384615384616
hd	1	0.9615384615384616
editor	1	0.9615384615384616
tinmen	1	0.9620253164556962
bo5s	1	0.9622641509433962
wry	1	0.9629629629629629
pillface	1	0.9629629629629629
katt	1	0.9629629629629629
pleaser	1	0.9629629629629629
current	1	0.9642857142857143
supersymmetry	1	0.9642857142857143
lose_control	1	0.9642857142857143
taters	1	0.9655172413793104
kick	1	0.9661016949152542
transcontinental	1	0.9666666666666667
afro	1	0.9666666666666667
holocaust	1	0.9666666666666667
left	1	0.9666666666666667
thirst	1	0.9666666666666667
collection	1	0.96875
thoughts	1	0.96875
regarding	1	0.96875
cherrychomp	1	0.96875
star	3	0.9697399781557398
rock	3	0.9697399781557398
turbo	2	0.9709876543209877
art	1	0.9722222222222222
exhibit	1	0.9722222222222222
v1	1	0.9722222222222222
endling	1	0.972972972972973
crank	1	0.972972972972973
pontatot	1	0.972972972972973
dumburk	1	0.974025974025974
9000	1	0.974025974025974
puncher	1	0.9753086419753086
klik	1	0.975609756097561
nut	5	0.9758113688314646
sumo	1	0.9767441860465116
champions	1	0.9767441860465116
defector	1	0.9767441860465116
fighter	1	0.9772727272727273
fishy	1	0.9777777777777777
gamejam	1	0.9791666666666666
awesomebossbattlegament	1	0.9811320754716981
laika	1	0.9818181818181818
sht	1	0.9818181818181818
minions	1	0.9824561403508771
say	1	0.9824561403508771
superjellyalien	1	0.9830508474576272
short	1	0.9861111111111112
boats	1	0.9861111111111112
strike	1	0.9876543209876543
meh	2	0.9912280701754386
40	1	1.0
marbles	1	1.0
finger	1	1.0
gaem2	1	1.0
monstercraft	1	1.0
boat	1	1.0
pop	1	1.0
bubbles	1	1.0
keep	1	1.0
cynthia	1	1.0
joek	1	1.0
underwear	1	1.0
reimu	1	1.0
extreem	1	1.0
deadzone	1	1.0
caught	1	1.0
caravan	1	1.0
twainshadow	1	1.0
videocard	1	1.0
throttling	1	1.0
2018	1	1.0
slimeprince	1	1.0
office	1	1.0
shape	1	1.0
saviour	1	1.0
30第二エスケープ	1	1.0
dracula	1	1.0
breach	1	1.0
unlawful	1	1.0
minutes	1	1.0
turkey	1	1.0
color	1	1.0
splash	1	1.0
win	1	1.0
41	1	1.0
winner	1	1.0
worst	1	1.0
mark	1	1.0
words	1	1.0
